{"cameraMode":{"drawMode":0,"name":"Shaded","section":"Shading Mode"},"sceneLighting":false,"audioPlay":false,"sceneViewState":{"m_AlwaysRefresh":false,"showFog":true,"showSkybox":true,"showFlares":true,"showImageEffects":true,"showParticleSystems":true,"showVisualEffectGraphs":true,"m_FxEnabled":true},"in2DMode":false,"pivot":{"x":44.4536018371582,"y":13.395585060119629,"z":7.3472723960876469},"rotation":{"x":0.11957062780857086,"y":-0.6949143409729004,"z":0.11901333928108216,"w":0.6991410851478577},"size":1.2919785976409913,"orthographic":false}