{"cameraMode":{"drawMode":0,"name":"Shaded","section":"Shading Mode"},"sceneLighting":false,"audioPlay":false,"sceneViewState":{"m_AlwaysRefresh":false,"showFog":true,"showSkybox":true,"showFlares":true,"showImageEffects":true,"showParticleSystems":true,"showVisualEffectGraphs":true,"m_FxEnabled":true},"in2DMode":false,"pivot":{"x":22.370393753051759,"y":16.000898361206056,"z":27.105918884277345},"rotation":{"x":0.08090103417634964,"y":-0.9190254807472229,"z":0.27768459916114809,"w":0.2680954039096832},"size":1.4108729362487794,"orthographic":false}