{"cameraMode":{"drawMode":0,"name":"Shaded","section":"Shading Mode"},"sceneLighting":false,"audioPlay":false,"sceneViewState":{"m_AlwaysRefresh":false,"showFog":true,"showSkybox":false,"showFlares":true,"showImageEffects":true,"showParticleSystems":true,"showVisualEffectGraphs":true,"m_FxEnabled":true},"in2DMode":false,"pivot":{"x":1120.8004150390625,"y":-247.29905700683595,"z":-224.11834716796876},"rotation":{"x":-0.13697540760040284,"y":-0.006557434797286987,"z":0.0008153152884915471,"w":-0.99061518907547},"size":1101.45361328125,"orthographic":false}